,Revenue,Cost Of Goods Sold,Gross Profit,Research And Development Expenses,SG&A Expenses,Other Operating Income Or Expenses,Operating Expenses,Operating Income,Total Non-Operating Income/Expense,Pre-Tax Income,Income Taxes,Income After Taxes,Other Income,Income From Continuous Operations,Income From Discontinued Operations,EBITDA,EBIT,Basic Shares Outstanding,Shares Outstanding,Basic EPS,EPS - Earnings Per Share,Cash On Hand,Receivables,Inventory,Pre-Paid Expenses,Other Current Assets,Total Current Assets,"Property, Plant, And Equipment",Long-Term Investments,Goodwill And Intangible Assets,Other Long-Term Assets,Total Long-Term Assets,Total Assets,Total Current Liabilities,Long Term Debt,Other Non-Current Liabilities,Total Long Term Liabilities,Total Liabilities,Common Stock Net,Retained Earnings (Accumulated Deficit),Comprehensive Income,Other Share Holders Equity,Share Holder Equity,Total Liabilities And Share Holders Equity,Net Income/Loss,Total Depreciation And Amortization - Cash Flow,Other Non-Cash Items,Total Non-Cash Items,Change In Accounts Receivable,Change In Inventories,Change In Accounts Payable,Change In Assets/Liabilities,Total Change In Assets/Liabilities,Cash Flow From Operating Activities,"Net Change In Property, Plant, And Equipment",Net Change In Intangible Assets,Net Acquisitions/Divestitures,Net Change In Short-term Investments,Net Change In Long-Term Investments,Net Change In Investments - Total,Investing Activities - Other,Cash Flow From Investing Activities,Net Long-Term Debt,Net Current Debt</span>,Debt Issuance/Retirement Net - Total,Net Common Equity Issued/Repurchased,Net Total Equity Issued/Repurchased,Total Common And Preferred Stock Dividends Paid,Financial Activities - Other,Cash Flow From Financial Activities,Net Cash Flow,Stock-Based Compensation,Common Stock Dividends Paid,Current Ratio,Long-term Debt / Capital,Debt/Equity Ratio,Gross Margin,Operating Margin,EBIT Margin,EBITDA Margin,Pre-Tax Profit Margin,Net Profit Margin,Asset Turnover,Inventory Turnover Ratio,Receiveable Turnover,Days Sales In Receivables,ROE - Return On Equity,Return On Tangible Equity,ROA - Return On Assets,ROI - Return On Investment,Book Value Per Share,Operating Cash Flow Per Share,Free Cash Flow Per Share
9/30/24,88268,36474,51794,12447,10826,,23273,28521,3185,31706,5405,26301,,26301,,32506,28521,12290,13284,2.14,2.12,93230,49104,,,15207,157541,161270,36177,31935,13867,272725,430266,80803,12297,9672,35344,116147,12264,235317,-3228,,314119,430266,26301,3985,4201,8186,-1431,0,521,-162,-3789,30698,-13061,0,-2753,-79868,80139,271,-2468,-18011,370,0,370,-15291,-15291,-2455,-2718,-20094,-7266,5846,-2455,1.9497,0.0377,0.0391,58.6781,32.3118,32.3118,,35.9202,29.7968,0.2051,,1.7976,50.0675,8.3729,9.3205,6.1127,8.0575,25.6131,2.335,1.3409
6/30/24,84742,35507,49235,11860,9950,,21810,27425,126,27551,3932,23619,,23619,,31133,27425,12343,13361,1.91,1.89,100725,47087,,,14183,161995,151155,34172,29185,9699,252775,414770,77913,13238,9456,36104,114017,12322,226033,-5012,,300753,414770,23619,3708,4583,8291,-3057,0,1561,-171,-5270,26640,-13186,0,-26,11265,-701,10564,-133,-2781,470,0,470,-15684,-15684,-2466,-3209,-20889,2732,5865,-2466,2.0792,0.0422,0.044,58.0999,32.3629,32.3629,,32.5116,27.8717,0.2043,,1.7997,50.0086,7.8533,8.6973,5.6945,7.5222,24.4078,1.9995,1.0102
3/31/24,80539,33712,46827,11903,9452,,21355,25472,2843,28315,4653,23662,,23662,,28885,25472,12415,13396,1.91,1.89,108090,44552,,,12829,165471,143182,33994,29183,10065,241879,407350,76997,13228,10917,37509,114506,12381,219770,-4839,,292844,407350,23662,3413,4236,7649,3167,,-2124,-1141,-2463,28848,-12012,,-61,4301,-893,3408,101,-8564,-1097,,-1097,-15696,-15696,,-2921,-19714,445,5264,,2.1491,0.0432,0.0452,58.142,31.6269,31.6269,,35.1569,29.3796,0.1977,,1.8078,49.7856,8.0801,8.9744,5.8088,7.7309,23.6527,2.1535,1.2568
12/31/23,86310,37575,48735,12113,12925,,25038,23697,715,24412,3725,20687,,20687,,27013,23697,12630,13599,1.65,1.64,110916,47964,,,12650,171530,134345,31008,29198,10051,230862,402392,81814,13253,10090,37199,119013,12460,211247,-4402,,283379,402392,20687,3316,5183,8499,-6518,0,427,575,-10271,18915,-11019,0,-29,57493,-52546,4947,-66,-6167,-437,0,-437,-16183,-16183,0,-2688,-19308,-6654,5659,0,2.0966,0.0447,0.0468,56.4651,27.4557,27.4557,,28.2841,23.9683,0.2145,,1.7995,50.0146,7.3001,8.1387,5.141,6.974,22.7431,1.3784,0.5713
9/30/23,76693,33229,43464,11258,10863,,22121,21343,-146,21197,1508,19689,,19689,,24514,21343,12581,13571,1.56,1.55,119935,41020,2957,,12398,176310,125705,30907,30979,7628,220401,396711,86295,13781,9471,37214,123509,12541,205647,-7036,,273202,396711,19689,3171,5679,8850,-2821,0,223,-917,2117,30656,-8055,0,-126,-50139,51798,1659,-628,-7150,-166,0,-166,-15787,-15787,0,-2429,-18382,4773,5743,0,2.0431,0.048,0.0504,56.6727,27.8291,27.8291,,27.6388,25.6725,0.1933,11.2374,1.8696,48.1374,7.2068,8.1285,4.9631,6.8607,21.7847,2.2792,1.6805
6/30/23,74604,31916,42688,10588,10262,,20850,21838,65,21903,3535,18368,,18368,,24662,21838,12668,13643,1.45,1.44,118332,38804,2231,,9421,168788,121208,31224,31176,6822,214256,383044,77709,13705,10518,38194,115903,12629,200884,-5991,,267141,383044,18368,2824,4538,7362,-2948,0,1119,-329,2936,28666,-6888,0,-298,-2640,-742,-3382,-232,-10800,-132,0,-132,-14969,-14969,0,-2734,-17835,5,5774,0,2.1721,0.0488,0.0513,57.2195,29.2719,29.2719,,29.359,24.6207,0.1948,14.3057,1.9226,46.812,6.8758,7.7842,4.7953,6.5402,21.153,2.1091,1.6021
3/31/23,69787,30612,39175,11468,10292,,21760,17415,790,18205,3154,15051,,15051,,20050,17415,12781,13706,1.18,1.17,115102,36036,2315,,8532,161985,117560,31213,30962,6439,207506,369491,68854,13697,12095,39743,108597,12722,196625,-6000,,260894,369491,15051,2635,4450,7085,4454,,-1105,-947,1373,23509,-6289,,-42,4100,-590,3510,-125,-2946,-25,,-25,-14557,-14557,,-1986,-16568,4045,5284,,2.3526,0.0499,0.0525,56.1351,24.9545,24.9545,,26.0865,21.5671,0.1889,13.2233,1.9366,46.4734,5.769,6.5458,4.0734,5.4812,20.5073,1.7152,1.2564
12/31/22,76048,35342,40706,10267,12279,,22546,18160,-1013,17147,3523,13624,,13624,,19908,18160,13063,14046,1.06,1.14,113762,40258,,,10775,164795,112668,30492,28960,8707,200469,365264,69300,14701,11505,39820,109120,12849,195563,-7603,,256144,365264,13624,1748,7953,9701,-4615,0,-28,-515,289,23614,-7595,0,-84,2114,-884,1230,222,-6227,-168,0,-168,-15372,-15372,0,-2089,-17629,-105,5100,0,2.378,0.0543,0.0574,53.5267,23.8797,23.8797,,22.5476,17.915,0.2082,,1.889,47.6439,5.3189,5.9969,3.7299,5.0302,19.9349,1.6591,1.1261
9/30/22,69092,31158,37934,10273,10526,,20799,17135,-902,16233,2323,13910,,13910,,21181,17135,13018,13982,1.07,1.06,116259,36176,3156,,10518,166109,108363,30419,31026,5670,192146,358255,65979,14653,10943,38650,104629,12971,196220,-8852,,253626,358255,13910,4046,4601,8647,-97,0,1907,-2535,796,23353,-7276,0,-5649,11659,-358,11301,791,-833,-674,0,-674,-15392,-15392,0,-2031,-18097,4048,4976,0,2.5176,0.0546,0.0578,54.9036,24.8003,24.8003,,23.4948,20.1326,0.1929,9.8726,1.9099,47.1233,5.4845,6.2489,3.8827,5.1849,19.5533,1.7027,1.1702
6/30/22,69685,30104,39581,9841,10287,,20128,19453,-439,19014,3012,16002,,16002,,23352,19453,13133,14126,1.22,1.13,124997,37073,1980,,8321,172371,106223,30665,25326,5712,182814,355185,61354,14734,10585,38412,99766,13078,196845,-5828,,255419,355185,16002,3899,3738,7637,-1969,0,1201,-759,-4217,19422,-6828,0,-1063,3858,-375,3483,221,-4187,-356,0,-356,-15197,-15197,0,-2264,-17817,-2950,4782,0,2.8095,0.0545,0.0577,56.7999,27.9156,27.9156,,27.2856,22.9633,0.1962,15.204,1.8797,47.8808,6.265,6.9546,4.5053,5.9233,19.5304,1.3894,0.9004
3/31/22,68011,29599,38412,9119,9199,,18318,20094,-1160,18934,2498,16436,,16436,,23876,20094,13203,14242,1.24,1.23,133970,35622,1369,,6892,177853,104218,30544,24323,5778,179243,357096,61948,14791,11648,41144,103092,0.659,195221,-4049,,254004,357096,16436,3782,3991,7773,4364,,-2373,-870,897,25106,-9786,,-173,1317,-764,553,355,-9051,2,,2,-13300,-13300,,-2916,-16214,-59,4504,,2.871,0.055,0.0582,56.4791,29.5452,29.5452,,27.8396,24.1667,0.1905,21.6209,1.9092,47.1391,6.4708,7.156,4.6027,6.1147,19.2789,1.7628,1.0757
12/31/21,75325,32988,42337,8708,11744,,20452,21885,2517,24402,3760,20642,,20642,,23156,21885,13353,14462,1.5585,1.5355,139649,39304,1170,,8020,188143,97599,29549,24373,5361,171125,359268,64254,14817,11381,43379,107633,13242,191484,-1623,,251635,359268,20642,1271,5246,6517,-5819,0,1157,-31,-2225,24934,-6383,0,-385,-3922,-426,-4348,100,-11016,-115,0,-115,-13473,-13473,0,-2923,-16511,-2774,3954,0,2.9281,0.0556,0.0589,56.2058,29.0541,29.0541,,32.3956,27.4039,0.2097,28.1949,1.9165,46.9613,8.2032,9.0829,5.7456,7.747,19.0028,1.7164,1.2772
9/30/21,65118,27621,37497,7694,8772,,16466,21031,2033,23064,4128,18936,,18936,,24335,21031,13315,14438,1.42,1.4,142003,34800,1278,,6029,184110,94631,26101,24172,4276,163293,347403,61782,14288,11234,41054,102836,0.665,183782,-408,,244567,347403,18936,3304,493,3797,-2409,0,238,-983,2806,25539,-6819,0,-259,-3038,-322,-3360,388,-10050,-42,0,-42,-12610,-12610,0,-2602,-15254,89,3874,0,2.98,0.0552,0.0584,57.5832,32.2968,32.2968,,35.4188,29.0795,0.1874,21.6127,1.8712,48.0973,7.7427,8.5918,5.4507,7.3153,18.3973,1.7822,1.3062
6/30/21,61880,26227,35653,7675,8617,,16292,19361,2624,21985,3460,18525,,18525,,22306,19361,13379,14506,1.38,1.36,135863,32851,907,,6076,175697,91697,25532,24032,4298,159690,335387,55741,14328,10921,42081,97822,0.668,176939,190,,237565,335387,18525,2945,1291,4236,-3661,0,-130,-202,-871,21890,-5496,0,-308,-2764,-529,-3293,23,-9074,-1042,0,-1042,-12496,-12496,0,-2453,-15991,-2992,3803,0,3.152,0.0569,0.0603,57.6164,31.288,31.288,,35.5284,29.937,0.1845,28.9162,1.8837,47.7794,7.7979,8.6755,5.5235,7.3543,17.7915,1.5138,1.1335
3/31/21,55314,24103,31211,7485,7289,,14774,16437,4846,21283,3353,17930,,17930,,19190,16437,13464.4,14558.22,1.3315,1.3145,135104,28499,888,,7646,172137,87606,25294,24164,4167,154958,327095,55453,13887,11424,41629,97082,0.672,170580,-3,,230013,327095,17930,2753,-161,2592,2794,,-982,144,-1233,19289,-5942,,-1666,2822,-627,2195,30,-5383,-37,,-37,-11385,-11385,,-2184,-13606,157,3745,,3.1042,0.0569,0.0604,56.4251,29.7158,29.7158,,38.4767,32.4149,0.1691,27.143,1.9409,46.37,7.7952,8.7103,5.4816,7.3514,17.1372,1.325,0.9168
12/31/20,56898,26080,30818,7022,8145,,15167,15651,3038,18689,3462,15227,,15227,,19376,15651,13616,14665,1.124,1.11,136694,31384,728,,5490,174296,84749,20703,22620,3953,145320,319616,56834,13932,11118,40238,97072,0.676,163401,633,,222544,319616,15227,3725,2023,5748,-5445,0,963,-531,1702,22677,-5479,0,-370,3511,-4886,-1375,-57,-7281,-57,0,-57,-7566,-7566,0,-1647,-9270,6336,3223,0,3.0668,0.0589,0.0626,54.1636,27.5071,27.5071,,32.8465,26.7619,0.178,35.8242,1.813,49.6425,6.8422,7.6164,4.7642,6.4391,16.4793,1.5413,1.1696
9/30/20,46173,21117,25056,6856,6987,,13843,11213,2146,13359,2112,11247,,11247,,14691,11213,13588.98,14639.18,0.8275,0.82,132596,25513,835,,5425,164369,81636,14656,22390,3274,134874,299243,48200,13902,10810,38123,86323,0.678,155567,46,,212920,299243,11247,3478,1522,5000,-3601,0,420,47,756,17003,-5406,0,-13,-8944,-428,-9372,-406,-15197,9802,0,9802,-7899,-7899,0,-1357,546,2387,3195,0,3.4101,0.0613,0.0653,54.2655,24.2848,24.2848,,28.9325,24.3584,0.1543,25.2898,1.8098,49.7297,5.2823,5.903,3.7585,4.9585,15.7085,1.1648,0.794
6/30/20,38297,18553,19744,6875,6486,,13361,6383,1894,8277,1318,6959,,6959,,9769,6383,13635.36,14667.58,0.5105,0.5065,121080,21595,815,,5579,149069,78748,12961,22521,2731,129423,278492,43658,4018,10591,27512,71170,0.681,151681,-296,,207322,278492,6959,3386,1321,4707,-80,0,146,-133,2327,13993,-5391,0,-165,-2485,-526,-3011,119,-8448,-35,0,-35,-5988,-5988,0,-1475,-7498,-1902,3382,0,3.4145,0.019,0.0194,51.555,16.6671,16.6671,,21.6127,18.1711,0.1375,22.7644,1.7734,50.7494,3.3566,3.7657,2.4988,3.2928,15.2171,0.9596,0.5892
3/31/20,41159,18982,22177,6820,7380,,14200,7977,-220,7757,921,6836,,6836,,11085,7977,13729.3,14773.82,0.498,0.4935,117229,23735,889,,5165,147018,76747,12367,22574,2748,126385,273403,40189,5016,11634,29555,69744,0.684,151068,-1097,,203659,273403,6836,3108,4465,7573,2602,,-835,-78,-2958,11451,-6005,,-190,4248,-312,3936,412,-1847,-49,,-49,-6896,-6896,,-1241,-8186,1146,3191,,3.6582,0.024,0.0246,53.8813,19.3809,19.3809,,18.8464,16.6088,0.1505,21.3521,1.7341,51.9,3.3566,3.775,2.5003,3.2759,14.888,0.7751,0.3686
12/31/19,46075,21020,25055,7222,8567,,15789,9266,1438,10704,33,10671,,10671,,12679,9266,13851.92,14901.66,0.774,0.7665,119675,27492,999,,4412,152578,73646,13078,22603,2342,123331,275909,45221,4554,12419,29246,74467,0.688,152122,-1232,,201442,275909,10671,3413,1565,4978,-4365,0,814,352,-1222,14427,-23548,17496,-2142,3695,-325,3370,121,-4703,-47,0,-47,-6080,-6080,0,-1199,-7326,2466,2645,0,3.3741,0.0221,0.0226,54.3787,20.1107,20.1107,,23.2317,23.1601,0.167,21.041,1.6759,53.7011,5.2973,5.9668,3.8676,5.1802,14.6326,0.9669,-0.6134
9/30/19,40499,17568,22931,6554,7200,,13754,9177,-549,8628,1560,7068,,7068,,12097,9177,13854.82,14894.28,0.51,0.506,121177,21081,1401,,4699,148358,69252,12488,19816,2225,114686,263044,39224,4082,12992,28851,68075,0.691,147125,-1196,,194969,263044,7068,2920,3793,6713,-1,0,57,-670,1685,15466,10764,-17496,-126,-2153,-313,-2466,379,-8945,-145,0,-145,-5678,-5678,0,-1131,-6954,-555,2624,0,3.7823,0.0205,0.0209,56.6212,22.6598,22.6598,,21.3042,17.4523,0.154,12.5396,1.9211,46.8478,3.6252,4.0353,2.687,3.5508,14.1097,1.0423,1.7632
6/30/19,38944,17296,21648,6213,6255,,12468,9180,2967,12147,2200,9947,,9947,,12015,9180,13879.38,14929.58,0.7165,0.7105,121056,21317,964,,4100,147437,64891,12112,19902,2461,109664,257101,37000,4074,12468,27909,64909,0.694,145346,-1091,,192192,257101,9947,2835,582,3417,-1146,0,-18,80,-737,12627,-6126,0,-148,-4155,-81,-4236,55,-10455,-46,0,-46,-3440,-3440,0,-1260,-4746,-2561,2756,0,3.9848,0.0208,0.0212,55.5875,23.5723,23.5723,,31.1909,25.5418,0.1515,17.9419,1.8269,49.2638,5.1756,5.7734,3.8689,5.0681,13.8457,0.8468,0.4361
3/31/19,36339,16012,20327,6029,5993,-1697,13719,6608,1538,8146,1489,6657,,6657,,9221,6608,13897.38,14949.22,0.479,0.475,113488,19260,1053,,4406,138207,60528,14474,20006,2547,107142,245349,34910,4066,13022,26967,61877,0.695,138720,-1780,,183472,245349,6657,2613,1637,4250,1172,,-425,-346,1093,12000,-4638,,-99,123,-808,-685,34,-5388,-30,,-30,-2978,-2978,,-1175,-4183,2447,2769,,3.959,0.0217,0.0222,55.9372,18.1843,18.1843,,22.4167,18.3192,0.1481,15.2061,1.8868,47.7008,3.6283,4.0724,2.7133,3.5497,13.2036,0.8027,0.4925
12/31/18,39276,17918,21358,6034,7103,,13137,8221,1851,10072,1124,8948,,8948,,10801,8221,13902.8,15002.98,0.644,0.6385,109140,21193,1107,,4236,135676,59719,13859,20108,2693,97116,232792,34620,4012,14872,20544,55164,0.696,134885,-2306,,177628,232792,8948,2580,964,3544,-2887,0,774,132,495,12987,-7081,0,-39,763,-548,215,29,-6876,-5,0,-5,-1700,-1700,0,-1041,-2746,3258,2253,0,3.919,0.0221,0.0226,54.3793,20.9314,20.9314,,25.6442,22.7824,0.1687,16.1861,1.8533,48.5632,5.0375,5.6805,3.8438,4.9262,12.7688,0.8674,0.3945
9/30/18,33740,14281,19459,5232,5602,,10834,8625,1458,10083,891,9192,,9192,,10980,8625,13912.68,15014.88,0.6605,0.653,106416,18067,1212,,4007,129702,55300,12673,20343,2838,91836,221538,31301,3986,14776,20397,51698,0.696,128405,-1676,,169840,221538,9192,2355,1795,4150,-670,0,316,-507,-132,13210,-5282,0,-18,-4896,-232,-5128,20,-10408,-25,0,-25,-2200,-2200,0,-1253,-3478,-705,2230,0,4.1437,0.0229,0.0235,57.6734,25.5631,25.5631,,29.8844,27.2436,0.1523,11.783,1.8675,48.1929,5.4122,6.1486,4.1492,5.288,12.2019,0.8787,0.5276
6/30/18,32657,13883,18774,5114,5544,-5071,15729,3045,1170,4215,1020,3195,,3195,,5159,3045,13898.7,15003.24,0.23,0.227,102254,17244,698,,3961,124157,51672,11487,20557,3052,87453,211610,29903,3981,14889,19707,49610,0.696,121282,-1525,,162000,211610,3195,2114,1343,3457,-312,0,-145,-350,3480,10132,-5507,0,-184,1980,288,2268,49,-3374,-1344,0,-1344,-2052,-2052,0,-1541,-4937,1490,2413,0,4.152,0.024,0.0246,57.4884,9.3242,9.3242,,12.9069,9.7835,0.1543,19.8897,1.8938,47.523,1.9722,2.2589,1.5099,1.9249,11.6388,0.6773,0.309
3/31/18,31146,13467,17679,5039,5007,,10046,7633,2910,10543,1142,9401,,9401,,9619,7633,13895.04,15041.8,0.6765,0.6665,102885,16814,636,,3426,123761,48845,10976,20671,2004,83174,206935,25394,3973,16034,20716,46110,0.695,120008,-670,,160825,206935,9401,1986,-810,1176,1700,,122,-111,1065,11642,-7269,,-1250,502,171,673,,-7846,1313,,1313,-2173,-2173,,-1158,-2018,1943,2457,,4.8736,0.0241,0.033,56.7617,24.5072,24.5072,,33.8503,30.1837,0.1505,21.1745,1.8524,48.586,5.8455,6.7076,4.543,5.7046,11.5711,0.774,0.2907
12/31/17,32323,14267,18056,4306,6054,,10360,7696,322,8018,11038,-3020,,-3020,,9722,7696,13858.02,15014.6,-0.219,-0.2155,101871,18705,749,,2983,124308,42383,7813,19439,2672,72987,197295,24183,3969,15871,20610,44793,0.694,113247,-992,,152502,197295,-3020,2026,1935,3961,-3049,0,673,84,9327,10268,-4388,0,-14,-2115,-556,-2671,99,-6974,-22,0,-22,-2101,-2101,0,-1055,-3178,134,1847,0,5.1403,0.0254,0.026,55.8612,23.8097,23.8097,,24.8059,-9.3432,0.1638,19.0481,1.728,52.0821,-1.9803,-2.2696,-1.5307,-1.9301,10.9748,0.684,0.3918
9/30/17,27772,11148,16624,4205,4637,,8842,7782,197,7979,1247,6732,,6732,,9543,7782,13869.7,15015.88,0.4855,0.4785,100143,15577,765,,2860,119345,40120,7269,19614,2683,70191,189536,20693,3964,7282,11743,32436,0.694,118237,-746,,157100,189536,6732,1761,1665,3426,-1150,0,-61,-1599,-286,9872,-3511,0,-130,-10683,-80,-10763,0,-14404,-8,0,-8,320,320,0,-1018,-706,-5130,1820,0,5.7674,0.0246,0.0252,59.8589,28.021,28.021,,28.7304,24.2402,0.1465,14.5726,1.7829,50.48,4.2852,4.8965,3.5518,4.1797,11.3056,0.6572,0.4234
6/30/17,26010,10373,15637,4172,4597,-2736,11505,4132,245,4377,853,3524,,3524,,5757,4132,13839.18,15012.72,0.2545,0.2505,94713,14877,398,2398,,112386,37676,6642,19537,2004,66235,178621,18685,3955,6981,11650,30335,0.693,111505,-1728,,148286,178621,3524,1625,1970,3595,-836,0,16,-242,284,7403,-2818,0,-42,-4681,-300,-4981,669,-7172,-38,0,-38,-1618,-1618,0,-1084,-2740,-2421,2003,0,6.0148,0.026,0.0267,60.1192,15.8862,15.8862,,16.8281,13.5486,0.1456,26.0628,1.7483,51.4775,2.3765,2.7371,1.9729,2.3148,10.7008,0.492,0.3046
3/31/17,24750,9795,14955,3942,4445,,8387,6568,251,6819,1393,5426,,5426,,8071,6568,13831.1,14986.74,0.3925,0.3865,92439,12969,280,3106,,108794,35936,6131,19684,1846,63962,172756,15256,3937,7687,12551,27807,0.692,109420,-2169,,144949,172756,5426,1503,2698,4201,1267,,103,-17,-79,9548,-2467,,-101,-757,-276,-1033,750,-2851,-18,,-18,-647,-647,,-1009,-1674,5214,2009,,7.1312,0.0264,0.0272,60.4242,26.5374,26.5374,,27.5515,21.9232,0.1433,34.9821,1.9084,47.16,3.7434,4.3316,3.1408,3.6444,10.4716,0.6371,0.4725
12/31/16,26064,10661,15403,3622,5142,,8764,6639,218,6857,1524,5333,,5333,,8326,6639,13755.56,14951.3,0.3865,0.379,86333,14232,268,,4575,105408,34234,5878,19775,1819,62089,167497,16756,3935,7342,11705,28461,0.691,105131,-2402,,139036,167497,5333,1687,1817,3504,-2279,0,-128,379,576,9413,-3064,0,-662,-1034,58,-976,0,-4702,-13,0,-13,0,0,0,-879,-892,3512,1846,0,6.2908,0.0275,0.0283,59.0968,25.4719,25.4719,,26.3083,20.4612,0.1556,39.7799,1.8314,49.1437,3.8357,4.4717,3.1839,3.7301,10.0562,0.6281,0.4236
9/30/16,22451,8699,13752,3596,4389,,7985,5767,278,6045,984,5061,,5061,,7363,5767,13751.22,14939.06,0.368,0.3625,83056,12395,559,2536,,98546,32753,5705,19395,3276,61402,159948,14323,3938,7022,11522,25845,0.689,99798,-1032,,134103,159948,5061,1596,1551,3147,-282,0,459,-8,1637,9845,-2357,0,-252,-8781,410,-8371,-2065,-13045,-274,0,-274,0,0,0,-815,-1089,-4221,1860,0,6.8803,0.0285,0.0294,61.2534,25.6871,25.6871,,26.9253,22.5424,0.1404,15.5617,1.8113,49.6882,3.774,4.4121,3.1642,3.6663,9.7298,0.6577,0.5003
6/30/16,21500,8130,13370,3363,4039,0,7402,5968,151,6119,1242,4877,,4877,,7458,5968,13724.38,14921.5,0.3555,0.35,78460,12762,,3016,,94238,31413,5820,19293,3275,60054,154292,17341,1984,6286,9072,26413,0.687,94737,-1151,,127879,154292,4877,1490,1494,2984,-835,0,48,-39,1259,9120,-2123,0,-38,-4494,-412,-4906,-106,-7173,-1042,0,-1042,-1595,-1595,0,-803,-3440,-1484,1503,0,5.4344,0.0153,0.0329,62.186,27.7581,27.7581,,28.4605,22.6837,0.1393,,1.6847,53.4223,3.8138,4.4914,3.1609,3.7555,9.3101,0.6133,0.4704
3/31/16,20257,7648,12609,3367,3900,,7267,5342,-213,5129,922,4207,,4207,,6713,5342,13750.36,14984.52,0.306,0.301,75264,12972,,2719,,90955,30162,5577,19523,3297,58792,149747,17684,1987,5777,8494,26178,0.687,91168,-1294,,123569,149747,4207,1371,2252,3623,818,,-269,203,-172,7658,-2428,,-34,-3305,-221,-3526,-257,-6245,-6,,-6,-2098,-2098,,-807,-2911,-1438,1494,,5.1434,0.0158,0.0421,62.2452,26.3711,26.3711,,25.3196,20.7681,0.1353,,1.5616,57.6334,3.4046,4.0434,2.8094,3.3507,8.9961,0.5111,0.349
12/31/15,21329,8188,13141,3510,4251,,7761,5380,-180,5200,277,4923,,4923,,6784,5380,13692.52,14893.5,0.358,0.374,73066,13909,491,2648,,90114,29016,5183,19716,3181,57347,147461,19310,1995,5485,7820,27130,0.688,89223,-1874,,120331,147461,4923,1404,2180,3584,-1758,0,371,-424,-1898,6609,-2100,0,8,-2106,-451,-2557,-838,-5487,-14,0,-14,-1780,-1780,0,-765,-2559,-1519,1436,0,4.6667,0.0163,0.0434,61.611,25.2239,25.2239,,24.38,23.0813,0.1446,16.6762,1.5335,58.6905,4.0912,4.8929,3.3385,4.0245,8.7533,0.4455,0.3039
9/30/15,18675,7037,11638,3230,3700,,6930,4708,183,4891,912,3979,,3979,,5956,4708,13728.7,14913.76,0.29,0.2665,72767,10436,,2688,,88103,28338,4813,19698,3329,56178,144281,18457,1994,5480,9583,28040,0.688,85969,-1592,,116241,144281,3979,1248,1056,2304,-267,0,230,121,-138,6145,-2373,0,-102,-3817,-97,-3914,572,-5817,-3,0,-3,0,0,0,-606,-609,-385,1432,0,4.7734,0.0169,0.045,62.3186,25.2102,25.2102,,26.1901,21.3066,0.1294,,1.7895,50.294,3.4231,4.1215,2.7578,3.3653,8.4515,0.4087,0.2508
6/30/15,17727,6583,11144,2789,3530,,6319,4825,131,4956,1025,3931,,3931,,6059,4825,13672.34,14859.84,0.2495,0.2465,69780,10019,,3049,,84164,27008,4409,19823,3403,54643,138807,17362,2225,5575,9662,27024,0.686,81990,-929,,111783,138807,3931,1234,983,2217,-767,0,-374,44,948,7096,-2515,0,-78,-3371,-175,-3546,1036,-5103,-3,0,-3,0,0,0,-558,-561,1477,1132,0,4.8476,0.0195,0.0468,62.8646,27.2184,27.2184,,27.9574,19.2306,0.1277,,1.7693,50.8665,3.5166,4.2747,2.832,3.448,8.1535,0.4771,0.3081
3/31/15,17258,6356,10902,2753,3702,,6455,4447,157,4604,1089,3515,,3515,,5624,4447,13618.3,14846.88,0.258,0.255,65436,10310,,3720,,80313,25448,4090,19953,3596,53087,133400,14336,3226,5452,10616,24952,0.682,79292,-371,,108448,133400,3515,1177,1351,2528,698,,-24,-16,679,6722,-2927,,-64,-2169,-1024,-3193,-1120,-7304,-3,,-3,,,,-493,-496,-1371,1203,,5.6022,0.0289,0.0483,63.1707,25.7678,25.7678,,26.6775,20.3674,0.1294,,1.6739,53.7664,3.2412,3.972,2.6349,3.1476,7.9469,0.4528,0.2556
12/31/14,18103,6921,11182,2813,3970,,6783,4399,128,4527,900,3627,,3627,967,5666,4399,13518.7,14839.96,0.3385,0.3335,64395,10849,,3412,,78656,23883,3079,20206,3187,50531,129187,16779,3228,4458,8548,25327,0.68,75066,27,,103860,129187,4675,1267,1330,2597,-1151,0,549,-222,-260,7012,-3551,0,130,1547,-741,806,-626,-3241,-4,0,-4,0,0,0,-988,-992,2742,1187,0,4.6878,0.0301,0.0504,61.7688,24.2998,24.2998,,25.0069,25.377,0.1401,,1.6686,53.9364,3.4922,4.3357,2.8076,3.3869,7.6348,0.4737,0.2339
9/30/14,16523,6695,9828,2655,3449,,6104,3724,133,3857,933,2924,,2924,-185,5271,3724,13541.94,14856.76,0.2025,0.199,62157,10019,279,2700,3588,80115,20981,2470,20205,2010,45666,125781,17920,3230,4108,9046,26966,0.678,70949,-82,,98815,125781,2739,1547,809,2356,-36,0,-127,-13,899,5994,-2417,0,-1142,-5290,-794,-6084,316,-9327,-3,0,-3,0,0,0,-452,-455,-4015,1290,0,4.4707,0.0317,0.053,59.4807,22.5383,22.5383,,23.3432,16.5769,0.1314,23.9964,1.6492,54.573,2.9591,3.7196,2.3247,2.8654,7.2843,0.4024,0.2402
6/30/14,15955,6114,9841,2238,3345,,5583,4258,145,4403,984,3419,,3419,-68,5337,4258,13502.3,14833.26,0.248,0.244,61204,9539,293,2043,3668,77905,19486,2415,19820,1982,43703,121608,17097,3232,3812,8762,25859,0.676,68136,502,,95749,121608,3270,1079,456,1535,-721,0,-163,804,822,5627,-2646,0,-543,1424,-349,1075,934,-1180,-1004,0,-1004,0,0,0,-458,-1462,2981,915,0,4.5566,0.0327,0.0547,61.6797,26.6876,26.6876,,27.5964,21.0028,0.1312,20.8669,1.6726,53.8082,3.5708,4.5029,2.8115,3.4542,7.083,0.355,0.1896
3/31/14,15420,5961,9459,2126,3218,,5344,4115,357,4472,822,3650,,3650,-198,5201,4115,13451.74,13704.24,0.2565,0.252,59379,8421,337,2138,3873,75314,17877,2123,19494,1718,41212,116526,16270,3234,3360,8545,24815,0.674,64714,345,,91711,116526,3452,1086,642,1728,267,,177,-285,-789,4391,-2345,,-2947,-2676,-118,-2794,779,-7307,993,,993,,,,-171,822,-2259,887,,4.629,0.0341,0.0681,61.3424,26.6861,26.6861,,29.0013,22.3865,0.1323,17.6884,1.8311,49.1498,3.9799,5.0542,3.1323,3.8443,6.7988,0.3204,0.1493
12/31/13,15707,6253,9454,1933,3092,,5025,4429,112,4541,846,3695,,3695,-506,5465,4429,13313.84,14739,0.2385,0.2335,58717,9390,,3253,,72886,16524,1976,17558,1976,38034,110920,15908,2236,3381,7703,23611,0.672,61262,125,,87309,110920,3189,1036,228,1264,-853,46,320,-624,785,5238,-2255,0,-120,1375,-98,1277,-519,-1617,-3,0,-3,0,0,0,35,32,3656,902,0,4.5817,0.025,0.0601,60.1897,28.1976,28.1976,,28.9107,20.3031,0.1416,,1.6727,53.804,4.2321,5.2974,3.3312,4.1264,6.4995,0.2769,0.1537
9/30/13,13754,5409,8345,1821,2763,,4584,3761,14,3775,612,3163,,3163,-193,4735,3761,13344.64,13569.4,0.2225,0.219,56523,8592,235,2354,,68858,14867,1843,17716,1784,36210,105068,14475,2238,3144,7604,22079,0.334,57886,99,,82989,105068,2970,974,725,1699,-516,112,357,291,414,5083,-2289,0,147,-2729,371,-2358,-1318,-5818,-2,0,-2,0,0,0,-265,-267,-922,886,0,4.757,0.0263,0.0632,60.6733,27.3448,27.3448,,27.4466,21.5937,0.1309,23.017,1.6008,56.2222,3.8113,4.8458,3.0104,3.7113,6.2088,0.373,0.2048
6/30/13,13107,5195,7912,1766,2681,,4447,3465,236,3701,927,2774,,2774,454,4495,3465,13299.2,13533.48,0.2425,0.2385,54432,8163,342,2776,,66861,12912,1564,17954,1891,34321,101182,15329,1989,2975,7001,22330,0.333,54916,-398,,78852,101182,3228,1030,25,1055,-194,-16,-159,-119,422,4705,-1611,0,1301,-4261,-206,-4467,974,-3803,-151,0,-151,0,0,0,46,-105,789,847,0,4.3617,0.0246,0.0633,60.3647,26.4363,26.4363,,28.2368,24.6281,0.1295,15.1901,1.6057,56.0517,3.518,4.5552,2.7416,3.4314,5.9174,0.3463,0.2278
3/31/13,12951,5136,7815,1617,2450,,4067,3748,134,3882,354,3528,,3528,-182,4647,3748,13218.16,13466.52,0.253,0.2485,50098,8670,648,2375,,62808,12300,1470,17919,2195,33884,96692,13252,2989,2921,7967,21219,0.331,51688,356,,75473,96692,3346,899,853,1752,256,-142,87,-245,-1465,3633,-1203,,-251,-1515,-36,-1551,564,-2441,-401,,-401,,,,-116,-517,597,708,,4.7395,0.0381,0.0681,60.3428,28.9399,28.9399,,29.9745,25.8358,0.1339,7.9259,1.4938,60.2502,4.6745,6.1299,3.6487,4.4964,5.7002,0.2698,0.1804
12/31/12,10283,2755,7528,1225,1835,,3060,4468,161,4629,957,3672,,3672,-786,5421,4468,13088.52,13292.2,0.219,0.2155,48088,8585,505,2132,,60454,11854,1469,18010,2011,33344,93798,14337,2988,2786,7746,22083,0.33,48342,538,,71715,93798,2886,953,348,1301,-559,-188,-225,664,482,4669,-1020,0,-97,-3784,-600,-4384,-13,-5514,-669,0,-669,0,0,0,-23,-692,-1482,716,0,4.2166,0.04,0.0772,73.2082,43.4504,43.4504,,45.0161,28.0657,0.1096,5.4554,1.1978,75.1386,5.1203,6.8374,3.9148,4.9155,5.4333,0.354,0.2767
9/30/12,13304,5955,7349,1879,2730,,4609,2740,65,2805,647,2158,,2158,18,3568,2740,13111.4,13332.56,0.166,0.1633,45724,7809,618,2440,,56821,11401,1063,18239,2206,32909,89730,14434,2988,2719,7268,21702,0.329,45456,368,,68028,89730,2176,828,568,1396,-307,18,-194,101,432,4004,-872,0,-525,-1561,-119,-1680,-230,-3307,-1,0,-1,0,0,0,53,52,823,762,0,3.9366,0.0421,0.0912,55.239,20.5953,20.5953,,21.0839,16.356,0.1483,9.6359,1.7037,52.827,3.1722,4.3343,2.405,3.0388,5.1764,0.2958,0.2311
6/30/12,11807,4677,7130,1538,2355,,3893,3237,253,3490,657,2833,,2833,-48,3907,3237,13050.88,13231.72,0.2135,0.2105,43122,7341,634,2614,,53857,10909,1040,17982,2263,32194,86051,14028,2987,2709,7302,21330,0.327,43280,84,,64721,86051,2785,670,292,962,-222,202,-249,-898,505,4252,-774,0,-9854,-1398,-24,-1422,-336,-12386,749,0,749,0,0,0,-110,639,-7671,658,0,3.8393,0.0441,0.0959,60.3879,27.4159,27.4159,,29.5587,23.5877,0.1372,7.377,1.6084,55.9575,4.3773,6.0613,3.2922,4.1841,4.9489,0.3208,0.2624
3/31/12,10645,3789,6856,1441,2026,,3467,3389,156,3545,655,2890,,2890,0,3900,3389,13011.96,13205.44,0.222,0.2188,49316,5713,,1779,,56859,9875,880,8866,664,20285,77144,9742,2987,2277,5690,15432,0.326,40495,422,,61712,77144,2890,511,814,1325,301,-32,169,-236,-521,3694,-607,,-92,8513,92,8605,245,8151,1249,,1249,,,,-19,1230,13125,556,,5.8365,0.0462,0.0884,64.4058,31.8365,31.8365,,33.302,27.1489,0.138,,1.8633,48.3016,4.683,5.4687,3.7462,4.4668,4.7339,0.2797,0.2338
12/31/11,10584,3702,6882,1298,2077,,3375,3507,-18,3489,784,2705,,2705,,4010,3507,12911.12,13088.56,0.2093,0.206,44626,6172,35,1710,,52758,9603,790,8924,499,19816,72574,8913,2986,2199,5516,14429,0.325,37605,276,,58145,72574,2704,503,442,945,-909,-12,29,-25,275,3924,-951,0,-550,-2340,330,-2010,-1048,-4559,0,0,0,0,0,0,40,40,-647,537,0,5.9192,0.0488,0.0723,65.0227,33.1349,33.1349,,32.9649,25.5575,0.1458,105.7714,1.7148,52.483,4.6522,5.4956,3.7272,4.4249,4.4741,0.3004,0.2275
9/30/11,9720,3378,6342,1404,1880,0,3284,3058,302,3360,631,2729,,2729,,3550,3058,12926.2,13097.56,0.211,0.2083,42560,5861,,1406,,50042,9204,891,8463,488,19046,69088,8888,2986,2090,5370,14258,0.324,34901,232,,54830,69088,2729,492,553,1045,-223,-17,-5,33,176,3950,-680,0,-487,-3258,-140,-3398,1118,-3447,0,0,0,0,0,0,-80,-80,310,571,0,5.6303,0.0516,0.0767,65.2469,31.4609,31.4609,,34.5679,28.0761,0.1407,,1.6584,54.2685,4.9772,5.8857,3.95,4.7201,4.2339,0.2993,0.2481
6/30/11,9026,3172,5854,1234,1739,0,2973,2881,204,3085,580,2505,,2505,,3336,2881,12889.12,13041.44,0.1943,0.192,39118,5843,,1328,,46442,9003,893,8058,465,18419,64861,7798,2985,1930,5072,12870,0.323,32172,603,,51991,64861,2506,455,619,1074,-205,-1,50,-33,-61,3519,-917,0,-715,-4382,-482,-4864,-118,-6614,977,0,977,0,0,0,-19,958,-2095,434,0,5.9556,0.0543,0.0808,64.8571,31.9189,31.9189,,34.179,27.7532,0.1392,,1.5448,58.2617,4.8181,5.7019,3.8621,4.5565,4.0282,0.2701,0.1997
3/31/11,8575,2936,5639,1226,1617,-500,3343,2296,96,2392,594,1798,,1798,,2697,2296,12861.08,13055.32,0.1398,0.1378,36675,4818,,1497,,43310,8249,666,7324,390,16650,59960,9332,,1745,1777,11109,0.322,29666,381,,48851,59960,1798,401,733,1134,181,,27,-45,240,3172,-890,,-148,-2946,-131,-3077,-306,-4421,-251,,-251,,,,140,-111,-1215,432,,4.641,,0.0658,65.7609,26.7755,26.7755,,27.895,20.9679,0.143,,1.7798,50.5679,3.6806,4.3297,2.9987,3.6806,3.7913,0.243,0.1748
12/31/10,8440,2946,5494,1052,1461,,2513,2981,161,3142,599,2543,,2543,,3362,2981,12748.08,12930.04,0.199,0.1955,34975,5002,,1326,,41562,7759,523,7300,442,16289,57851,9996,,1579,1614,11610,0.321,27868,138,,46241,57851,2543,381,326,707,-673,0,-42,20,276,3526,-2545,0,-208,334,70,404,-500,-2849,1342,0,1342,0,0,0,410,1752,2373,396,0,4.1579,,0.0749,65.0948,35.3199,35.3199,,37.2275,30.1303,0.1459,,1.6873,53.3389,5.4994,6.5304,4.3958,5.4994,3.598,0.2711,0.0745
9/30/10,7286,2552,4734,994,1193,0,2187,2547,167,2714,547,2167,,2167,,2889,2547,12744.68,12895.08,0.17,0.168,33380,4719,,1210,,39447,5506,485,7092,406,13895,53342,8530,,1489,1522,10052,0.319,25324,531,,43290,53342,2167,342,386,728,-259,0,115,-160,-9,2886,-758,0,-440,-2429,-910,-3339,-9,-4546,2121,0,2121,0,0,0,-54,2067,544,380,0,4.6245,,0.049,64.9739,34.9575,34.9575,,37.2495,29.742,0.1366,,1.544,58.2912,5.0058,5.9865,4.0625,5.0058,3.3901,0.2239,0.1652
6/30/10,6820,2467,4353,898,1090,,1988,2365,69,2434,594,1840,,1840,,2707,2365,12734,12899.44,0.1445,0.1428,30059,3617,,1419,,35161,4920,377,6692,452,12884,48045,5747,,1654,1685,7432,0.319,23158,346,,40613,48045,1840,342,299,641,-243,0,79,-17,-396,2085,-476,0,-229,-1799,-227,-2026,2870,139,0,0,0,-704,-704,0,58,-646,1521,309,0,6.1181,,,63.827,34.6774,34.6774,,35.6892,26.9795,0.142,,1.8855,47.7317,4.5306,5.4244,3.8297,4.5306,3.1867,0.1618,0.1248
3/31/10,6775,2452,4323,818,1017,,1835,2488,18,2506,551,1955,,1955,,2819,2488,12715.8,12904.32,0.1538,0.1515,26514,3084,,1135,,31132,4773,154,5912,454,11739,42871,2922,,1630,1666,4588,0.318,21949,163,,38283,42871,1955,331,268,599,46,,120,-146,30,2584,-239,,-190,-2992,-3,-2995,,-3424,,,,-97,-97,,-26,-123,-1006,291,,10.6544,,,63.8081,36.7233,36.7233,,36.9889,28.8561,0.158,,2.1968,40.9683,5.1067,6.0394,4.5602,5.1067,3.0071,0.2002,0.1817
12/31/09,6674,2408,4266,735,1051,,1786,2480,88,2568,595,1973,,1973,,2845,2480,12648.84,12776.64,0.1558,0.1533,24485,3201,,837,,29167,4845,129,5678,415,11330,40497,2747,,1704,1746,4493,0.318,20082,105,,36004,40497,1974,365,276,641,-377,0,25,-10,116,2731,-221,0,-68,-4465,-19,-4484,0,-4773,0,0,0,0,0,0,158,158,-1889,276,0,10.6178,,,63.9197,37.1591,37.1591,,38.4777,29.5625,0.1648,,2.085,43.166,5.4799,6.506,4.872,5.4799,2.8325,0.2142,0.1969
9/30/09,5945,2226,3719,758,887,,1645,2074,-7,2067,428,1639,,1639,,2453,2074,12659.88,12789.84,0.1295,0.1283,21994.39,2879.604,,816.103,,26353.54,4917.491,110.372,5672.465,415.137,11349.3,37702.84,2321.774,,1623.472,1659.318,3981.092,0.317,18107.98,232.785,,33721.75,37702.84,1639,379,112,491,-85,0,-33,248,596,2726,-187,0,-35,-2370,-18,-2388,0,-2610,0,0,0,0,0,0,29,29,176,317,0,11.3506,,,62.5568,34.8865,34.8865,,34.7687,27.5694,0.1577,,2.0645,43.5937,4.8604,5.8433,4.3472,4.8604,2.66,0.212,0.1975
6/30/09,5523,2108,3415,708,833,,1541,1874,-18,1856,371,1485,,1485,,2251,1874,12636.04,12741.44,0.1175,0.1165,19344.01,2847.755,,1067.116,,23834.85,5005.9,93.925,5693.299,406.136,11323.91,35158.76,2000.962,,1531.267,1562.942,3563.904,0.316,16469,81.434,,31594.85,35158.76,1484,377,187,564,-139,0,20,13,-439,1609,-139,0,-3,-66,-9,-75,0,-217,0,0,0,0,0,0,51,51,1485,294,0,11.9117,,,61.8323,33.9308,33.9308,,33.6049,26.8876,0.1571,,1.9394,46.4056,4.7001,5.7332,4.2237,4.7001,2.4996,0.1256,0.1147
3/31/09,5509,2102,3407,642,881,,1523,1884,6,1890,467,1423,,1423,,2287,1884,12610.08,12688.84,0.1128,0.1123,17784.93,2543.105,,1317.861,,22080.8,5122.105,100.999,5740.659,416.168,11432.23,33513.03,2183.854,,1450.934,1481.08,3664.934,0.316,14984.46,168.82,,29848.1,33513.03,1423,403,211,614,97,,22,87,213,2250,-263,,-2,-135,-19,-154,,-419,,,,,,,-5,-5,1769,277,,10.1109,,,61.8443,34.1986,34.1986,,34.3075,25.8305,0.1644,,2.1663,41.5465,4.7675,5.9027,4.2461,4.7675,2.3632,0.1773,0.1566