,Revenue,Cost Of Goods Sold,Gross Profit,Research And Development Expenses,SG&A Expenses,Operating Expenses,Operating Income,Total Non-Operating Income/Expense,Pre-Tax Income,Income Taxes,Income After Taxes,Other Income,Income From Continuous Operations,Net Income,EBITDA,EBIT,Basic Shares Outstanding,Shares Outstanding,Basic EPS,EPS - Earnings Per Share,Cash On Hand,Receivables,Inventory,Other Current Assets,Total Current Assets,"Property, Plant, And Equipment",Long-Term Investments,Goodwill And Intangible Assets,Other Long-Term Assets,Total Long-Term Assets,Total Assets,Total Current Liabilities,Long Term Debt,Other Non-Current Liabilities,Total Long Term Liabilities,Total Liabilities,Common Stock Net,Retained Earnings (Accumulated Deficit,Comprehensive Income,Share Holder Equity,Total Liabilities And Share Holders Equity,Net Income/Loss,Total Depreciation And Amortization - Cash Flow,Other Non-Cash Items,Total Non-Cash Items,Change In Accounts Receivable,Change In Inventories,Change In Accounts Payable,Change In Assets/Liabilities,Total Change In Assets/Liabilities,Cash Flow From Operating Activities,"Net Change In Property, Plant, And Equipment",Net Change In Intangible Assets,Net Acquisitions/Divestitures,Net Change In Short-term Investments,Net Change In Long-Term Investments,Net Change In Investments - Total,Investing Activities - Other,Cash Flow From Investing Activities,Net Long-Term Debt,Net Current Debt,Debt Issuance/Retirement Net - Total,Net Common Equity Issued/Repurchased,Net Total Equity Issued/Repurchased,Total Common And Preferred Stock Dividends Paid,Financial Activities - Other,Cash Flow From Financial Activities,Net Cash Flow,Stock-Based Compensation,Common Stock Dividends Paid,Current Ratio,Long-term Debt / Capital,Debt/Equity Ratio,Gross Margin,Operating Margin,EBIT Margin,EBITDA Margin,Pre-Tax Profit Margin,Net Profit Margin,Asset Turnover,Inventory Turnover Ratio,Receiveable Turnover,Days Sales In Receivables,ROE - Return On Equity,Return On Tangible Equity,ROA - Return On Assets,ROI - Return On Investment,Book Value Per Share,Operating Cash Flow Per Share,Free Cash Flow Per Share
9/30/24,65585,20099,45486,7544,7390,14934,30552,-283,30269,5602,24667,,24667,24667,37935,30552,7433,7470,3.32,3.3,78428,44148,1626,25724,149926,152863,15778,146125,37793,373087,523013,115200,42868,55617,120090,235290,102976,188929,-4182,287723,523013,24667,7383,-4279,3104,14037,-373,-916,-7355,6409,34180,-14923,,-1849,,2484,2484,-913,-15201,-966,-5746,-6712,-3401,-3401,-5574,-889,-16576,2525,2832,-5574,1.3014,0.1297,0.1568,69.3543,46.5838,46.5838,,46.1523,37.6107,0.1254,12.361,1.4856,60.5828,8.5732,17.4204,4.7163,7.4615,38.6933,4.5756,2.5779
6/30/24,64727,19684,45043,8056,9062,17118,27925,-675,27250,5214,22036,,22036,22036,34305,27925,7431,7469,2.97,2.94,75543,56924,1246,26021,159734,135591,14600,146817,36460,352429,512163,125286,42688,54995,118400,243686,100923,173144,-5590,268477,512163,22036,6380,17252,23632,-13246,55,4204,1320,-8473,37195,-13873,0,-1342,0,749,749,-382,-14848,-4675,-9335,-14010,-3676,-3676,-5574,-303,-23563,-1319,2696,-5574,1.275,0.1372,0.1923,69.5892,43.1427,43.1427,,42.0999,34.0445,0.1264,15.7978,1.1371,79.1503,8.2078,18.1128,4.3025,7.0818,36.1147,4.9843,3.1252
3/31/24,61858,18505,43353,7653,8119,15772,27581,-854,26727,4788,21939,,21939,21939,33608,27581,7431,7472,2.95,2.94,80021,44029,1304,21826,147180,121375,14807,147991,35551,337095,484275,118525,42658,50057,112598,231123,99193,159394,-5435,253152,484275,21939,6027,784,6811,-2028,260,648,1665,3167,31917,-10952,0,-1575,0,3108,3108,-1281,-10700,-13430,4383,-9047,-3691,-3691,-5572,-498,-18808,2329,2703,-5572,1.2418,0.1442,0.2585,70.0847,44.5876,44.5876,,43.207,35.4667,0.1277,14.191,1.4049,64.0598,8.6663,20.8623,4.5303,7.4166,34.0579,4.268,2.8037
12/31/23,62020,19623,42397,7142,8223,15365,27032,-506,26526,4656,21870,,21870,21870,32991,27032,7432,7468,2.94,2.93,81017,42831,1615,21930,147393,112308,13367,148827,32265,323165,470558,121016,44928,46677,111274,232290,97480,145737,-4949,238268,470558,21870,5959,-4214,1745,-2951,1474,-2521,790,-4762,18853,-9735,0,-65029,0,1492,1492,1347,-71925,7857,-8490,-633,-3739,-3739,-5574,-201,-10147,-63147,2828,-5574,1.218,0.1586,0.3115,68.3602,43.5859,43.5859,,42.7701,35.2628,0.1318,12.1505,1.448,62.154,9.1787,24.4519,4.6477,7.7226,32.0597,2.5212,1.2187
9/30/23,56517,16302,40215,6659,6661,13320,26895,389,27284,4993,22291,,22291,22291,30816,26895,7429,7462,3,2.99,143951,36953,3000,23682,207586,102502,11423,76685,32154,238199,445785,124792,41946,41617,100279,225071,95508,132143,-6937,220714,445785,22291,3921,-2173,1748,11034,-505,1214,-6624,6544,30583,-9917,,-1186,,12588,12588,-982,503,5573,18692,24265,-4146,-4146,-5051,-307,14761,45748,2507,-5051,1.6635,0.1597,0.324,71.1556,47.5875,47.5875,,48.2757,39.4412,0.1268,5.434,1.5294,58.8455,10.0995,15.4767,5.0004,8.4866,29.7018,4.0985,2.7695
6/30/23,56189,16795,39394,6739,8401,15140,24254,473,24727,4646,20081,,20081,20081,28128,24254,7446,7472,2.71,2.68,111262,48688,2500,21807,184257,95641,9879,77252,30601,227719,411976,104149,41990,43541,101604,205753,93718,118848,-6343,206223,411976,20081,3874,14796,18670,-11244,374,1311,-1103,-9981,28770,-8943,0,-341,0,419,419,-269,-9134,-2750,1750,-1000,-5192,-5192,-5054,-167,-11413,8142,2416,-5054,1.7692,0.1692,0.2291,70.1098,43.165,43.165,,44.0068,35.7383,0.1364,6.718,1.1541,77.9854,9.7375,15.5702,4.8743,8.0902,27.748,3.842,2.6478
3/31/23,52857,16128,36729,6984,7393,14377,22352,321,22673,4374,18299,,18299,18299,25901,22352,7441,7464,2.46,2.45,104427,37420,2877,19165,163889,88132,9415,77819,26954,216199,380088,85691,41965,42437,99714,185405,92093,108234,-5644,194683,380088,18299,3549,569,4118,-1408,106,-407,2319,2024,24441,-6607,0,-301,0,5330,5330,-1686,-3264,1750,-1750,0,-4973,-4973,-5059,-258,-10290,10916,2465,-5059,1.9126,0.1773,0.2476,69.4875,42.2877,42.2877,,42.895,34.6198,0.1391,5.6058,1.4125,63.7153,9.3994,15.6584,4.8144,7.7326,26.1776,3.28,2.3929
12/31/22,52747,17488,35259,6844,8016,14860,20399,-60,20339,3914,16425,,16425,16425,24047,20399,7451,7473,2.2,2.2,99508,35833,2980,19502,157823,82755,7097,78259,24994,206729,364552,81718,44119,40648,99698,181416,90225,99368,-6457,183136,364552,16425,3648,-3739,-91,-3164,1305,-2058,1619,-5161,11173,-6274,0,-679,0,104,104,-301,-7150,-750,0,-750,-5216,-5216,-5066,-317,-11349,-7238,2538,-5066,1.9313,0.1941,0.2627,66.8455,38.6733,38.6733,,38.5595,31.1392,0.1447,5.8685,1.472,61.1404,8.9687,15.6612,4.5055,7.2276,24.5919,1.5001,0.6591
9/30/22,50122,15452,34670,6628,6524,13152,21518,54,21572,4016,17556,,17556,17556,24308,21518,7457,7485,2.35,2.35,107262,31279,4268,18003,160812,77037,6839,78267,23482,198972,359784,87389,45374,39023,98829,186218,88535,92374,-7343,173566,359784,17556,2790,-2343,447,11729,-543,-1567,-4834,5195,23198,-6283,,-349,,4360,4360,-860,-3132,-1000,,-1000,-4998,-4998,-4621,-264,-10883,8953,2192,-4621,1.8402,0.2072,0.2801,69.1712,42.9313,42.9313,,43.039,35.0265,0.1393,3.6204,1.6024,56.1652,10.1149,18.422,4.8796,8.0186,23.2756,3.0993,2.2599
6/30/22,51865,16429,35436,6849,8053,14902,20534,-47,20487,3747,16740,,16740,16740,24513,20534,7496,7540,2.24,2.24,104757,44261,3742,16924,169684,74398,6891,78822,21897,195156,364840,95082,47032,41595,103216,198298,86939,84281,-4678,166542,364840,16740,3979,14983,18962,-12634,-461,2659,354,-11073,24629,-6871,0,-1263,0,-457,-457,-1138,-9729,0,0,0,-8296,-8296,-4632,-341,-13269,1433,1997,-4632,1.7846,0.2202,0.2989,68.3235,39.5913,39.5913,,39.5006,32.2761,0.1422,4.3904,1.1718,76.805,10.0515,19.0835,4.5883,7.838,22.3127,3.2597,2.3502
3/31/22,49360,15615,33745,6306,7075,13381,20364,-174,20190,3462,16728,,16728,16728,24137,20364,7493,7534,2.23,2.22,104693,32613,3296,13320,153922,70298,6907,78719,21845,190685,344607,77439,48177,41637,104244,181683,85767,79633,-2476,162924,344607,16728,3773,1604,5377,857,-279,520,1092,3281,25386,-5340,0,-18719,0,9069,9069,-1181,-16171,-4197,0,-4197,-8345,-8345,-4645,-158,-17345,-8106,1906,-4645,1.9877,0.2282,0.3064,68.3651,41.2561,41.2561,,40.9036,33.8898,0.1432,4.7376,1.5135,59.4646,10.2674,19.8658,4.8542,7.9242,21.7726,3.3839,2.6708
12/31/21,51728,16960,34768,5758,6763,12521,22247,268,22515,3750,18765,,18765,18765,25743,22247,7505,7555,2.5,2.48,125369,33520,3019,12280,174188,67214,6994,58383,21256,166201,340389,77510,48260,40868,102869,180379,84528,75045,437,160010,340389,18765,3496,-2570,926,-5543,394,235,1760,-5211,14480,-5865,0,-850,0,5643,5643,-89,-1161,0,0,0,-7142,-7142,-4652,-192,-11986,1439,1897,-4652,2.2473,0.2317,0.3328,67.2131,43.0077,43.0077,,43.5258,36.2763,0.152,5.6178,1.5432,58.3205,11.7274,18.4646,5.5128,9.0099,21.3347,1.9218,1.1443
9/30/21,45317,13646,31671,5599,5834,11433,20238,286,20524,19,20505,,20505,20505,23450,20238,7513,7567,2.73,2.71,130615,27349,3411,12951,174326,63772,6393,58249,21103,161092,335418,80528,50039,40061,102912,183440,83751,66944,1283,151978,335418,20505,3212,-7517,-4305,10486,-777,-471,-3551,8340,24540,-5810,,-1206,,4183,4183,-417,-3250,-4826,,-4826,-7072,-7072,-4206,-172,-16276,4941,1702,-4206,2.1648,0.2477,0.3506,69.8877,44.6587,44.6587,,45.2899,45.2479,0.1351,4.0006,1.657,54.3154,13.4921,21.8769,6.1133,10.1501,20.2368,3.243,2.4752
6/30/21,46152,13991,32161,5687,7379,13066,19095,310,19405,2947,16458,,16458,16458,22439,19095,7547,7608,2.18,2.17,130334,38043,2636,13393,184406,59715,5984,57511,15075,149373,333779,88657,50074,40617,103134,191791,83111,57055,1822,141988,333779,16458,3344,12518,15862,-11606,-388,1617,799,-9610,22710,-6452,0,-501,0,-4334,-4334,434,-10853,0,0,0,-6727,-6727,-4214,-430,-11371,522,1571,-4214,2.08,0.2607,0.4095,69.685,41.3742,41.3742,,42.0459,35.6604,0.1383,5.3077,1.2132,74.1868,11.5911,19.4822,4.9308,8.5691,18.8839,2.9748,2.1294
3/31/21,41706,13045,28661,5204,6409,11613,17048,188,17236,1779,15457,,15457,15457,19984,17048,7539,7597,2.05,2.03,125407,26322,2245,11640,165614,54945,5395,57825,14427,143265,308879,72193,50007,40098,102181,174374,82308,50735,1462,134505,308879,15457,2936,613,3549,290,-329,833,1305,3173,22179,-5089,0,-7512,0,2517,2517,400,-9684,-500,0,-500,-6534,-6534,-4221,-1937,-13192,-730,1525,-4221,2.294,0.271,0.4316,68.7215,40.8766,40.8766,,41.3274,37.0618,0.135,5.8107,1.5845,56.8019,11.4918,20.1578,5.0042,8.3772,17.8531,2.9299,2.257
12/31/20,43076,14194,28882,4899,6086,10985,17897,440,18337,2874,15463,,15463,15463,20658,17897,7555,7616,2.05,2.03,131968,27312,1924,12769,173973,51737,3794,50774,13561,130164,304137,67486,55136,39245,106415,173901,81896,44973,3367,130236,304137,15463,2761,-2032,729,-4008,788,33,1879,-3676,12516,-4174,0,-415,0,2593,2593,327,-1669,-3250,0,-3250,-6233,-6233,-4230,79,-13634,-2773,1566,-4230,2.5779,0.2974,0.4647,67.0489,41.5475,41.5475,,42.569,35.897,0.1416,7.3773,1.5772,57.0638,11.8731,19.4596,5.0842,8.3416,17.259,1.6503,1.1006
9/30/20,37154,11002,26152,4926,5350,10276,15876,248,16124,2231,13893,,13893,13893,18521,15876,7566,7637,1.84,1.82,137977,22851,2705,13544,177077,47927,3103,50813,13034,123924,301001,70056,57055,39729,107553,177609,81089,39193,3110,123392,301001,13893,2645,-1747,898,8843,-808,315,-2823,4544,19335,-4907,,-481,,2100,2100,-2083,-5371,,,,-6198,-6198,-3856,-235,-10289,3629,1456,-3856,2.5276,0.3162,0.515,70.3881,42.7303,42.7303,,43.3978,37.393,0.1234,4.0673,1.6259,55.3531,11.2592,19.1419,4.6156,7.6992,16.3131,2.5318,1.8892
6/30/20,38033,12339,25694,5214,7073,12287,13407,15,13422,2220,11202,,11202,11202,16911,13407,7610,7683,1.48,1.47,136527,32011,1895,11482,181915,44151,2965,50389,13138,119396,301311,72310,59578,40064,110697,183007,80552,34566,3186,118304,301311,11202,3504,10493,13997,-9355,-251,3026,643,-6526,18673,-4744,0,-1650,0,3173,3173,-1241,-4462,0,0,0,-5451,-5451,-3865,-2946,-12262,1866,1349,-3865,2.5158,0.3349,0.5353,67.5571,35.251,35.251,,35.2904,29.4534,0.1262,6.5113,1.1881,75.7497,9.4688,16.4942,3.7178,6.2974,15.6259,2.4247,1.8087
3/31/20,35021,10975,24046,4887,6184,11071,12975,-132,12843,2091,10752,,10752,10752,16093,12975,7602,7675,1.41,1.4,137626,22699,1644,8536,170505,41221,2660,48919,13696,114944,285449,58707,62862,38561,112241,170948,79813,32012,2676,114501,285449,10752,3118,448,3566,891,181,546,803,3186,17504,-3767,0,-329,0,4147,4147,0,51,-3000,0,-3000,-6717,-6717,-3876,-1052,-14645,2846,1338,-3876,2.9043,0.3544,0.5817,68.6617,37.0492,37.0492,,36.6723,30.7016,0.1227,6.6758,1.5428,58.3339,9.3903,16.3947,3.7667,6.0621,15.0858,2.2873,1.7946
12/31/19,36906,12358,24548,4603,6054,10657,13891,194,14085,2436,11649,,11649,11649,17094,13891,7621,7691,1.53,1.51,134253,23525,1823,7473,167074,40522,2755,49374,14630,115720,282794,59640,63361,38412,113045,172685,79625,30739,-255,110109,282794,11649,3203,-1852,1351,-4203,799,-7,1562,-2320,10680,-3545,0,-80,0,-2411,-2411,0,-6036,-18,0,-18,-4972,-4972,-3886,-39,-8915,-4253,1340,-3886,2.8014,0.3653,0.6322,66.5149,37.6389,37.6389,,38.1645,31.564,0.1305,6.7789,1.5688,57.3687,10.5795,19.18,4.1193,6.7153,14.4671,1.3931,0.931
9/30/19,33055,10406,22649,4565,5398,9963,12686,,12686,2008,10678,,10678,10678,15657,12686,7634,7710,1.4,1.38,136636,19087,2622,7551,165896,38409,2684,49621,14455,113059,278955,58118,66478,37283,114776,172894,78882,27240,-61,106061,278955,10678,2971,-1796,1175,10090,-561,-547,-3681,1965,13818,-3385,,-462,,2071,2071,,-1776,-2500,,-2500,-4485,-4485,-3510,286,-10209,1761,1262,-3510,2.8545,0.3853,0.6552,68.5191,38.3785,38.3785,,38.3785,32.3037,0.1185,3.9687,1.7318,51.9688,10.0678,18.9192,3.8279,6.1887,13.8932,1.7922,1.3532
6/30/19,33717,10412,23305,4513,6387,10900,12405,191,12596,-591,13187,,13187,13187,15329,12405,7673,7753,1.72,1.7,133819,29524,2063,10146,175552,36477,2649,49776,14723,111004,286556,69420,66662,37193,114806,184226,78520,24150,-340,102330,286556,13187,2924,4150,7074,-10070,-113,1264,958,-4153,16108,-4051,0,-281,0,-2925,-2925,0,-7257,-1000,0,-1000,-4325,-4325,-3521,160,-8686,144,1190,-3521,2.5288,0.3945,0.7053,69.1194,36.7915,36.7915,,37.358,39.1108,0.1177,5.047,1.142,78.8077,12.8867,25.0923,4.6019,7.8033,13.3887,2.0722,1.5512
3/31/19,30571,10170,20401,4316,5744,10060,10341,145,10486,1677,8809,,8809,8809,13267,10341,7672,7744,1.15,1.14,131618,19269,1951,7049,159887,33648,2403,49964,10258,103394,263281,53861,66585,36277,114556,168417,77791,18338,-1265,94864,263281,8809,2926,777,3703,460,12,-197,457,1008,13520,-2565,0,-269,0,1471,1471,0,-1363,0,0,0,-4479,-4479,-3526,404,-7601,4574,1172,-3526,2.9685,0.4124,0.7706,66.7332,33.8262,33.8262,,34.3005,28.8149,0.1161,5.2127,1.5865,56.7273,9.2859,19.6192,3.3459,5.4562,12.3746,1.7549,1.4208
12/31/18,32471,12423,20048,4070,5720,9790,10258,127,10385,1965,8420,,8420,8420,13253,10258,7692,7768,1.09,1.08,127662,19680,1961,7571,156874,32717,2274,50059,10129,101985,258859,50318,69653,35216,116413,166731,77556,16585,-2013,92128,258859,8420,2995,-1247,1748,-2396,1654,-440,-22,-1268,8900,-3707,0,-1593,0,1100,1100,0,-4200,-3000,0,-3000,-6213,-6213,-3544,-459,-13216,-8499,1183,-3544,3.1177,0.4305,0.7942,61.7413,31.5913,31.5913,,31.9824,25.9308,0.1254,6.335,1.6499,54.5471,9.1395,20.0147,3.2527,5.2046,11.9912,1.1452,0.6682
9/30/18,29084,9905,19179,3977,5247,9224,9955,266,10221,1397,8824,,8824,8824,12792,9955,7673,7766,1.15,1.14,135880,17390,3614,7311,164195,31430,2034,43434,9792,93424,257619,56277,69733,34475,115375,171652,71303,17279,-2615,85967,257619,8824,2837,-1821,1016,9194,-956,-395,-2935,3817,13657,-3602,,-245,,894,894,,-2953,,,,-3384,-3384,-3220,-780,-7384,3191,1107,-3220,2.9176,0.4479,0.8867,65.9435,34.2284,34.2284,,35.143,30.3397,0.1129,2.7407,1.6725,53.8131,10.2644,20.7462,3.4252,5.6673,11.1936,1.7586,1.2947
6/30/18,30085,9742,20343,3933,6031,9964,10379,301,10680,1807,8873,,8873,8873,12895,10379,7700,7794,1.16,1.16,133768,26481,2662,6751,169662,29460,1862,43736,7442,89186,258848,58488,72242,35476,117642,176130,71223,13682,-2187,82718,258848,8873,2516,6758,9274,-9188,-572,1010,1118,-6729,11418,-3980,0,-434,0,1752,1752,-8,-2670,-681,0,-681,-2107,-2107,-3226,-25,-6039,2725,1012,-3226,2.9008,0.4662,0.9217,67.6184,34.4989,34.4989,,35.4994,29.4931,0.1162,3.6597,1.1361,79.2186,10.7268,22.7618,3.4279,5.726,10.7748,1.465,0.9544
3/31/18,26819,9269,17550,3715,5543,9258,8292,349,8641,1217,7424,,7424,7424,11002,8292,7698,7794,0.96,0.95,132270,17208,2084,5097,156659,27929,2818,44126,7106,88838,245497,46133,73480,35892,120125,166258,70418,9974,-1153,79239,245497,7424,2710,226,2936,1285,-75,-393,329,1791,12151,-2934,0,-248,0,7045,7045,-19,3844,-4883,-7373,-12256,-3530,-3530,-3232,-640,-19658,-3638,969,-3232,3.3958,0.4811,0.9737,65.4387,30.9184,30.9184,,32.2197,27.6819,0.1092,4.4477,1.5585,57.7471,9.3691,21.1432,3.0241,4.8612,10.3042,1.5306,1.1607
12/31/17,28918,11064,17854,3504,5671,9175,8679,490,9169,15471,-6302,,-6302,-6302,11215,8679,7710,7710,-0.82,-0.82,142780,18428,2003,4422,167633,26304,3961,44389,6967,88370,256003,58099,73348,34870,119544,177643,70192,8567,-399,78360,256003,-6302,2536,-3068,-532,-3908,1205,938,500,14709,7875,-2586,0,-27,0,2459,2459,-177,-331,-98,3759,3661,-1819,-1819,-3238,-156,-1552,5975,986,-3238,2.8853,0.4835,1.1391,61.7401,30.0125,30.0125,,31.7069,-21.7927,0.113,5.5237,1.5692,57.3525,-8.0424,-18.5511,-2.4617,-4.154,10.17,1.0398,0.7013
9/30/17,24538,8278,16260,3574,4978,8552,7708,276,7984,1408,6576,,6576,6576,10207,7708,7708,7799,0.85,0.84,138471,14561,3211,4788,161031,24809,5343,44987,6083,88066,249097,51615,76255,18173,107835,159450,69419,19702,526,89647,249097,6576,2499,-1409,1090,7949,-1023,-407,-2406,4774,12440,-2132,,-179,,-4699,-4699,106,-6904,2785,-3710,-925,-2263,-2263,-3003,-150,-6341,-779,973,-3003,3.1198,0.4596,0.9535,66.2646,31.4125,31.4125,,32.5373,26.7993,0.0985,2.578,1.6852,53.4066,7.3354,14.7246,2.6399,3.9638,11.6123,1.5951,1.3217
6/30/17,25605,8456,17149,3514,5647,9467,7682,276,7958,-111,8069,,8069,8069,10025,7682,7746,7832,1.04,1.03,132981,22431,2181,5103,162696,23734,6023,45228,6076,87616,250312,55745,76073,17034,106856,162601,69315,17769,627,87711,250312,8069,2343,6052,8395,-7029,-199,850,1781,-5459,11005,-2283,0,-358,0,-4625,-4625,-103,-7369,-1617,3484,1867,-1544,-1544,-3009,-15,-2701,950,913,-3009,2.9186,0.4645,0.9827,66.9752,30.002,30.002,,31.0799,31.5134,0.1023,3.8771,1.1415,78.8436,9.1995,18.9935,3.2236,4.9266,11.3792,1.3963,1.1066
3/31/17,23212,8060,15152,3355,5074,8429,6723,371,7094,1608,5486,,5486,5486,9176,6723,7725,7813,0.71,0.7,126018,12882,1979,5434,146313,21962,7381,45215,4146,78704,225017,52005,76222,17381,103283,155288,68554,531,644,69729,225017,5486,2453,-36,2417,1415,-16,-425,536,2757,10660,-1695,0,-802,0,-2614,-2614,-1080,-6191,336,-1302,-966,-1883,-1883,-3012,-375,-6236,-1755,883,-3012,2.8134,0.5222,1.2048,65.2766,28.9635,28.9635,,30.5618,23.6343,0.1032,4.0728,1.8019,49.9474,7.8676,22.3791,2.438,3.7588,9.0287,1.3693,1.1513
12/31/16,25826,9901,15925,3062,4958,8020,7905,117,8022,1755,6267,,6267,6267,10071,7905,7755,7830,0.81,0.8,122781,14343,1961,5864,144949,21379,8912,45525,3845,79661,224610,70787,59306,15980,85014,155801,68177,120,512,68809,224610,6267,2166,-957,1209,-2789,1132,99,-1032,-1183,6293,-1988,0,-24760,0,10927,10927,1070,-14751,12951,-3755,9196,-3468,-3468,-3024,312,3016,-5460,767,-3024,2.0477,0.4629,1.2349,61.6627,30.6087,30.6087,,31.0617,24.2662,0.115,5.049,1.8006,49.9834,9.1078,26.9155,2.7902,4.8917,8.9016,0.8123,0.5568
9/30/16,21928,7844,14084,3106,4263,7369,6715,112,6827,1160,5667,,5667,5667,8531,6715,7789,7876,0.73,0.72,136932,11129,3122,6726,157909,19224,10486,21429,3476,54615,212524,58810,60154,14340,83342,142152,67747,944,1681,70372,212524,5667,1816,-875,941,7187,-867,-443,-936,4941,11549,-2163,,-24,,-16199,-16199,-84,-18470,24752,-3390,21362,-4121,-4121,-2800,-112,14329,7418,703,-2800,2.6851,0.4609,1.0614,64.2284,30.623,30.623,,31.1337,25.8437,0.1032,2.5125,1.9703,45.6772,8.0529,11.5788,2.6665,4.3417,9.0406,1.4664,1.1917
6/30/16,26448,7979,18469,3146,5237,9493,8976,259,9235,2372,6863,,6863,6863,11516,8976,7925,8013,0.87,0.86,113240,18277,2251,5892,139660,18356,10431,21605,3416,53808,193468,59357,40557,13640,62114,121471,68178,2282,1537,71997,193468,6863,2540,4520,7060,-4984,192,-17,-352,-5459,8464,-2655,0,-63,0,-7277,-7277,-78,-10073,585,6714,7299,-3504,-3504,-2821,-3,971,-660,664,-2821,2.3529,0.3603,0.7425,69.8314,33.9383,33.9383,,34.9176,25.949,0.1367,3.5446,1.4471,62.1949,9.5323,13.6192,3.5474,6.0975,9.2209,1.0454,0.7166
3/31/16,20531,7722,12809,2980,4546,7526,5283,-247,5036,1280,3756,,3756,3756,6990,5283,7895,7985,0.48,0.47,105552,12247,2450,6598,128421,16831,11315,22407,2895,53448,181869,44354,40896,14122,62709,107063,68012,4954,1840,74806,181869,3756,1707,1951,3658,2288,241,-129,553,2953,10367,-2308,0,-559,0,-2550,-2550,-66,-5483,-875,2622,1747,-3698,-3698,-2842,-123,-4916,-15,672,-2842,2.8954,0.3535,0.6202,62.3886,25.7318,25.7318,,24.5288,18.2943,0.1129,3.1518,1.6764,53.6861,5.021,7.1681,2.0652,3.2463,9.5052,1.3132,1.0206
12/31/15,23796,9872,13924,2900,4998,7898,6026,-171,5855,837,5018,,5018,5018,7570,6026,7964,8051,0.63,0.62,102640,14507,2702,6345,127812,15789,11514,22055,2928,52286,180098,42643,40679,13700,60675,103318,68279,6728,1773,76780,180098,5018,1544,1102,2646,-3118,1104,369,-401,-2046,5618,-2024,0,-381,0,-1208,-1208,285,-3328,13007,-7031,5976,-3561,-3561,-2868,-65,-518,1754,658,-2868,2.9973,0.3463,0.5787,58.514,25.3236,25.3236,,24.605,21.0876,0.1321,3.6536,1.6403,54.8676,6.5356,9.1695,2.7863,4.2721,9.6883,0.7023,0.4503
9/30/15,20379,7207,13172,2962,4417,7379,5793,-280,5513,611,4902,,4902,4902,7254,5793,7996,8084,0.61,0.61,99355,11444,3816,5594,121656,15046,11438,21887,2869,51240,172896,49399,27819,13280,46052,95451,68093,7614,1738,77445,172896,4902,1461,-84,1377,6376,-937,-135,-2707,2597,8876,-1356,,-390,,-3382,-3382,62,-5066,-1629,4890,3261,-4538,-4538,-2475,-178,-3930,-164,674,-2475,2.4627,0.2643,0.498,64.6352,28.4263,28.4263,,27.0524,24.0542,0.1179,1.8886,1.7808,50.5403,6.3297,8.8232,2.8352,4.6569,9.6976,1.098,0.9302
6/30/15,22180,7468,14712,3094,5233,16765,-2053,297,-1756,1439,-3195,,-3195,-3195,6938,-2053,8177,8254,-0.38,-0.38,96526,17908,2902,5461,122797,14731,12053,21774,3117,51675,174472,49647,27808,13544,44742,94389,68465,9096,2522,80083,174472,-3195,8991,4860,13851,-5448,-429,-142,2212,-3807,6849,-1781,0,-626,0,-2657,-2657,-3,-5067,0,3259,3259,-4128,-4128,-2496,-239,-3604,-1819,654,-2496,2.4734,0.2577,0.4407,66.33,-9.2561,-9.2561,,-7.917,-14.4049,0.1271,2.5734,1.2386,72.6655,-3.9896,-5.4794,-1.8312,-2.9613,9.9767,0.8241,0.6093
3/31/15,21729,7161,14568,2984,4800,7974,6594,-77,6517,1532,4985,,4985,4985,8109,6594,8167,8237,0.61,0.61,95438,12427,2469,6376,118398,14375,12019,28691,3200,58285,176683,40748,27644,13274,45803,86551,68475,18186,3471,90132,176683,4985,1515,317,1832,3655,-430,-390,473,3308,10125,-1391,0,-162,0,-3594,-3594,-334,-5481,10680,-6575,4105,-4985,-4985,-2532,-208,-3620,988,641,-2532,2.9056,0.2347,0.3536,67.044,30.3465,30.3465,,29.9922,22.9417,0.123,2.9004,1.7485,51.4718,5.5308,8.1135,2.8214,4.2326,11.1096,1.2403,1.069
12/31/14,26470,10136,16334,2903,5412,8558,7776,74,7850,1987,5863,,5863,5863,9297,7776,8228,8297,0.71,0.71,90249,16186,2053,6173,116362,13607,12665,29154,3060,58486,174848,47415,18260,12423,35554,82969,68765,19731,3383,91879,174848,5863,1521,-549,972,-3378,1070,137,-324,-2495,4340,-1490,0,-2794,0,-670,-670,238,-4716,0,4798,4798,-2024,-2024,-2547,307,534,124,633,-2547,2.4541,0.1658,0.3081,61.7076,29.3767,29.3767,,29.6562,22.1496,0.1514,4.9372,1.6354,55.0336,6.3812,9.3472,3.3532,5.3233,11.1802,0.5296,0.3491
9/30/14,23201,8273,14928,3065,4879,9084,5844,52,5896,1356,4540,,4540,4540,7272,5844,8249,8351,0.55,0.54,89193,12887,3141,5434,112439,13229,13943,26774,3271,57217,169656,44694,18472,11781,34792,79486,68362,18051,3757,90170,169656,4540,1428,-2121,-693,6627,-483,-659,-978,4507,8354,-1282,,-141,,-5947,-5947,-367,-7737,-1500,2999,1499,-2672,-2672,-2307,502,-2978,-2367,646,-2307,2.5158,0.17,0.2631,64.3421,25.1886,25.1886,,25.4127,19.5681,0.1368,2.6339,1.8003,49.9905,5.0349,7.1613,2.676,4.1789,10.9231,1.0004,0.8468
6/30/14,23382,7633,15749,3123,6017,9267,6482,95,6577,1965,4612,,4612,4612,8224,6482,8299,8399,0.56,0.55,85709,19544,2660,4392,114246,13011,14597,27108,3422,58138,172384,45625,20645,11594,36975,82600,68366,17710,3708,89784,172384,4612,1742,5811,7553,-5363,-199,863,2319,-2380,9785,-1330,0,-5626,0,-1718,-1718,-236,-8910,-500,500,0,-1024,-1024,-2309,-247,-3580,-2903,618,-2309,2.504,0.187,0.2522,67.3552,27.7222,27.7222,,28.1285,19.7246,0.1356,2.8695,1.1964,75.2271,5.1368,7.3585,2.6754,4.1764,10.8974,1.1546,0.9982
3/31/14,20403,5978,14425,2743,4708,7451,6974,-17,6957,1297,5660,,5660,5660,8229,6974,8284,8367,0.68,0.68,88425,13497,1920,3740,109006,11771,14792,17652,2898,47113,156119,33903,20679,9953,34792,68695,67803,16289,3332,87424,156119,5660,1255,386,1641,2501,-324,-716,1337,2798,10099,-1192,0,-157,0,-2981,-2981,46,-4284,-300,0,-300,-1704,-1704,-2322,22,-4304,1513,602,-2322,3.2152,0.1913,0.2594,70.7004,34.1813,34.1813,,34.0979,27.741,0.1307,3.1135,1.5117,59.5368,6.4742,8.1121,3.6254,5.2357,10.584,1.2121,1.0684
12/31/13,24519,8322,16197,2748,5480,8228,7969,-91,7878,1320,6558,,6558,6558,9230,7969,8326,8395,0.79,0.78,83944,15986,1594,4018,106870,11567,14607,17625,2874,46673,153543,33742,20676,9790,34701,68443,67476,14347,3277,85100,153543,6558,1261,-291,970,-4875,1029,602,129,-3115,4413,-1732,0,-139,0,679,679,167,-1025,7674,-712,6962,-1996,-1996,-2332,-19,2615,6036,591,-2332,3.1673,0.1955,0.27,66.059,32.5013,32.5013,,32.1302,26.7466,0.1597,5.2208,1.5338,58.6786,7.7062,9.7192,4.2711,6.1999,10.253,0.5302,0.3232
9/30/13,18529,5145,13384,2767,4283,7050,6334,74,6408,1164,5244,,5244,5244,7288,6334,8339,8434,0.63,0.62,80672,11007,2613,3900,99450,10774,11995,17649,2480,42898,142348,34623,12632,9587,26084,60707,67230,11680,2731,81641,142348,5244,954,-1314,-360,6617,-667,-276,-2353,3321,8205,-1231,,-15,,-3304,-3304,-64,-4614,-412,712,300,-1985,-1985,-1916,205,-3396,219,635,-1916,2.8724,0.134,0.1951,72.2327,34.1843,34.1843,,34.5836,28.3016,0.1302,1.969,1.6834,53.4638,6.4232,8.1948,3.6839,5.5626,9.7821,0.9728,0.8269
6/30/13,19896,5738,14158,2783,5302,8085,6073,72,6145,1180,4965,,4965,4965,7056,6073,8375,8470,0.6,0.57,77022,17486,1938,3388,101466,9991,10844,17738,2392,40965,142431,37417,12601,10000,26070,63487,67306,9895,1743,78944,142431,4965,983,4812,5795,-5666,187,486,136,-4857,5903,-1794,0,-20,0,-4106,-4106,81,-5839,1305,0,1305,-876,-876,-1921,23,-1469,-1436,601,-1921,2.7118,0.1376,0.1976,71.16,30.5237,30.5237,,30.8856,24.9548,0.1397,2.9608,1.1378,79.0983,6.2893,8.112,3.4859,5.4236,9.4793,0.6837,0.4733
3/31/13,20489,4787,15702,2640,5450,8090,7612,-9,7603,1548,6055,,6055,6055,8665,7612,8364,8429,0.72,0.72,74483,11991,2133,3241,93524,9204,11193,17922,2262,40581,134105,31929,11949,9721,25488,57417,66826,7657,2205,76688,134105,6055,1053,-1146,-93,2191,-483,-67,2063,3704,9666,-930,0,-108,0,-7165,-7165,543,-7660,0,0,0,-825,-825,-1925,6,-2744,-777,599,-1925,2.9291,0.1348,0.1851,76.6363,37.1516,37.1516,,37.1077,29.5524,0.1528,2.2443,1.7087,52.6717,7.8956,10.3036,4.5151,6.8312,9.1853,1.1496,1.0389
12/31/12,21456,5692,15764,2528,5465,7993,7771,-1,7770,1393,6377,,6377,6377,8780,7771,8393,8444,0.76,0.76,68312,14317,1661,3301,89574,8698,10707,18068,1636,39109,128683,31910,11947,8397,24197,56107,66334,4236,2006,72576,128683,6377,1009,1010,2019,-4488,-33,685,220,-3616,4780,-930,0,-311,0,-959,-959,-393,-2593,2232,0,2232,-1513,-1513,-1933,-7,-1221,981,603,-1933,2.8071,0.1413,0.1955,73.4713,36.2183,36.2183,,36.2137,29.7213,0.1667,3.4269,1.4986,60.0545,8.7867,11.6992,4.9556,7.5447,8.6668,0.572,0.4615
9/30/12,16008,4168,11840,2460,4072,6532,5308,226,5534,1068,4466,,4466,4466,6018,5308,8396,8494,0.53,0.53,66644,9871,1624,3860,84051,8329,10038,17889,1569,37825,121876,31402,9714,8423,21638,53040,66084,932,1820,68836,121876,4466,710,-86,624,6156,-473,-567,-1722,3394,8484,-603,,-1145,,-5572,-5572,-399,-7719,,,,-1215,-1215,-1676,177,-2714,-1902,603,-1676,2.6766,0.1237,0.1736,73.963,33.1584,33.1584,,34.5702,27.8986,0.1313,2.5665,1.6217,55.4966,6.4879,8.766,3.6644,5.6856,8.1734,0.9988,0.9278
6/30/12,18059,4163,13896,2594,4917,13704,192,167,359,851,-492,,-492,-492,7182,192,8396,8506,-0.06,-0.06,63040,15780,1137,3092,85084,8269,9776,16622,1520,36187,121271,32688,10713,8208,22220,54908,65797,-856,1422,66363,121271,-492,6990,5982,12972,-5007,263,349,-408,-4803,7677,-622,0,-526,0,-3117,-3117,-397,-4662,0,0,0,-752,-752,-1678,9,-2421,550,520,-1678,2.6029,0.139,0.18,76.9478,1.0632,1.0632,,1.9879,-2.7244,0.1489,3.6614,1.1444,78.6422,-0.7414,-0.9891,-0.4057,-0.6383,7.9183,0.8999,0.827
3/31/12,17407,3952,13455,2517,4564,7081,6374,-11,6363,1255,5108,,5108,5108,7140,6374,8401,8498,0.61,0.6,59529,10961,1412,2608,76860,8225,9068,22454,1403,41150,118010,26170,11938,8525,23181,49351,65273,3386,,68659,118010,5108,766,374,1140,2770,-50,-114,740,3346,9594,-749,0,-84,0,-11769,-11769,361,-12241,0,0,0,68,68,-1683,10,-1605,-4222,591,-1683,2.937,0.1481,0.1739,77.2965,36.6175,36.6175,,36.5543,29.3445,0.1475,2.7989,1.5881,56.672,7.4397,11.0551,4.3284,6.3377,8.1737,1.1224,1.0346
12/31/11,20885,5638,15247,2371,4882,7253,7994,245,8239,1615,6624,,6624,6624,8672,7994,8402,8465,0.79,0.78,51736,13643,1351,3614,72513,8010,7550,22251,1919,39730,112243,25373,11932,8386,22749,48122,63902,219,,64121,112243,6624,678,-40,638,-3652,891,176,1185,-1400,5862,-498,0,-8627,0,3849,3849,-292,-5568,0,0,0,-834,-834,-1683,4,-2513,-2271,575,-1683,2.8579,0.1569,0.1861,73.0046,38.2763,38.2763,,39.4494,31.7165,0.1861,4.1732,1.5308,58.792,10.3305,15.8204,5.9015,8.7097,7.6498,0.6954,0.6365
9/30/11,17372,3777,13595,2329,4063,6392,7203,103,7306,1568,5738,,5738,5738,7929,7203,8392,8490,0.68,0.68,57403,10153,2270,3255,75271,8033,8576,13563,1972,32144,107415,25543,11927,8201,22481,48024,63492,-4101,,59391,107415,5738,726,-654,72,4733,-920,-442,-688,2683,8493,-436,,-875,,-938,-938,-66,-2315,,,,-1598,-1598,-1341,70,-2869,3271,558,-1341,2.9468,0.1672,0.2008,78.2581,41.4633,41.4633,,42.0562,33.0302,0.1617,1.6639,1.711,52.6002,9.6614,12.5207,5.3419,8.0457,7.062,1.0004,0.949
6/30/11,17367,3708,13659,2393,5095,7488,6171,148,6319,445,5874,,5874,5874,6860,6171,8490,8593,0.7,0.69,52772,14987,1372,3320,74918,8162,10865,13325,1434,33786,108704,28774,11921,8072,22847,51621,63415,-6332,,57083,108704,5874,689,5032,5721,-4886,-303,293,-757,-5653,5942,-642,0,-2,0,-269,-269,-37,-950,0,0,0,-1076,-1076,-1350,3,-2423,2589,544,-1350,2.6037,0.1728,0.2088,78.6492,35.5329,35.5329,,36.3851,33.8228,0.1598,2.7026,1.1588,77.6663,10.2903,13.4238,5.4037,8.5125,6.8151,0.6676,0.5948
3/31/11,16428,3897,12531,2269,4553,6822,5709,316,6025,793,5232,,5232,5232,6429,5709,8420,8510,0.62,0.61,50150,10033,1056,2438,66263,7969,10748,13394,1353,33464,99727,24042,11915,8001,22233,46275,63234,-9782,,53452,99727,5232,720,-55,665,3031,-170,-51,-35,2775,8672,-658,0,0,0,-6370,-6370,-111,-7139,2239,0,2239,557,557,-1349,-10,1437,2998,541,-1349,2.7561,0.1823,0.2229,76.2783,34.7516,34.7516,,36.6752,31.8481,0.1647,3.6903,1.6374,54.9653,9.7882,13.0611,5.2463,8.004,6.3399,1.0292,0.951
12/31/10,19953,4833,15120,2185,4770,6955,8165,332,8497,1863,6634,,6634,6634,8828,8165,8497,8570,0.78,0.77,41252,12874,861,2149,59684,7799,10022,13494,1307,32622,92306,24312,9671,7662,19513,43825,61646,-13165,,48481,92306,6634,663,-261,402,-3270,380,216,-176,-2850,4186,-491,0,-69,0,-1457,-1457,447,-1570,0,-1000,-1000,-4392,-4392,-1363,4,-6751,-4138,553,-1363,2.4549,0.1663,0.1995,75.7781,40.9212,40.9212,,42.5851,33.2481,0.2162,5.6132,1.5499,58.0695,13.6837,18.9613,7.187,11.408,5.7695,0.5022,0.444
9/30/10,16195,3139,13056,2196,3744,5940,7116,114,7230,1820,5410,,5410,5410,7810,7116,8614,8695,0.63,0.62,44173,9646,1242,2176,59581,7771,9211,13548,1429,31959,91540,25857,9665,7384,18741,44598,61935,-14993,,46942,91540,5410,694,-635,59,3674,-468,-400,-81,2725,8194,-564,,,,-5120,-5120,727,-4957,3907,814,4721,-4222,-4222,-1118,-20,-639,2656,528,-1118,2.3043,0.1707,0.2272,80.6175,43.9395,43.9395,,44.6434,33.4054,0.1769,2.5274,1.6789,53.6054,11.5249,16.2005,5.91,9.5571,5.4826,0.9424,0.8775
6/30/10,16039,3170,12869,2350,4589,6939,5930,94,6024,1506,4518,,4518,4518,6648,5930,8813,8927,0.52,0.51,36788,13014,740,2950,55676,7630,7754,13552,1501,30437,86113,26147,4939,7445,13791,39938,62856,-16681,,46175,86113,4518,718,2733,3451,-4144,-260,755,1284,-2365,5604,-758,0,0,0,-749,-749,-2612,-4119,487,-545,-58,-2927,-2927,-1130,17,-4098,-2650,482,-1130,2.1293,0.0966,0.1286,80.2357,36.9724,36.9724,,37.5585,28.1688,0.1863,4.2838,1.2324,73.0258,9.7845,13.8491,5.2466,8.8391,5.3271,0.6159,0.5318
3/31/10,14503,2755,11748,2220,4355,6575,5173,168,5341,1335,4006,,4006,4006,5867,5173,8767,8876,0.46,0.45,39666,9137,501,2992,54518,7372,7797,13745,1478,30392,84910,26424,3746,7113,12776,39200,62517,-16807,,45710,84910,4006,694,-150,544,1947,77,122,697,2843,7393,-408,0,-143,0,-5236,-5236,-117,-5904,349,-349,0,-1601,-1601,-1139,14,-2726,-1267,481,-1139,2.0632,0.0757,0.1312,81.0039,35.6685,35.6685,,36.8269,27.6219,0.1708,5.499,1.5873,56.7007,8.7639,12.5325,4.7179,8.1001,5.2168,0.8434,0.7966
12/31/09,19022,3628,15394,2079,4802,6881,8513,370,8883,2221,6662,,6662,6662,9128,8513,8856,8951,0.75,0.74,36099,11196,589,2547,52487,7402,6976,13714,1517,29609,82096,25715,3746,6808,12098,37813,62566,-18283,,44283,82096,6662,615,-1368,-753,-2789,558,3,1288,-940,4969,-376,0,-63,0,970,970,-623,-92,473,-475,-2,-3138,-3138,-1152,15,-4277,599,485,-1152,2.0411,0.078,0.1354,80.9274,44.7534,44.7534,,46.6986,35.0226,0.2317,6.1596,1.699,52.9724,15.0442,21.7933,8.1149,13.8708,5.0259,0.5576,0.5154
9/30/09,12920,2842,10078,2065,3531,5596,4482,283,4765,1191,3574,,3574,3574,5128,4482,8914,8983,0.4,0.4,36728,8587,1150,3325,52231,7512,6006,14235,1628,29381,81612,28761,3746,6537,11639,40400,62293,-21081,,41212,81612,3574,646,764,1410,2748,-419,-36,-1170,1123,6107,-435,,-39,,-2575,-2575,1850,-1199,-128,378,250,-1292,-1292,-1157,9,-2190,2747,443,-1157,1.816,0.0833,0.1455,78.0031,34.6904,34.6904,,36.8808,27.6625,0.1583,2.4713,1.5046,59.8166,8.6722,13.2483,4.3793,7.9496,4.6306,0.6798,0.6314
6/30/09,13099,2586,10513,2225,4301,6526,3987,155,4142,1097,3045,,3045,3045,4668,3987,8945,8996,0.35,0.34,31447,11192,717,3711,49280,7535,4933,14262,1599,28608,77888,27034,3746,6269,11296,38330,62382,-22824,,39558,77888,3045,681,2720,3401,-1820,255,-671,-369,-2605,3841,-867,0,-41,0,-7099,-7099,150,-7857,4240,-489,3751,121,121,-1158,-15,2699,-1209,416,-1158,1.8229,0.0865,0.1453,80.258,30.4374,30.4374,,31.6207,23.2461,0.1682,3.6067,1.1704,76.8975,7.6976,12.0375,3.9095,7.0317,4.4407,0.4096,0.3158
3/31/09,13648,2814,10834,2212,4184,6396,4438,-388,4050,1073,2977,,2977,2977,5102,4438,8891,8904,0.33,0.33,25340,9182,657,3619,40724,7112,4112,14310,1639,28129,68853,23823,,6699,8087,31910,61896,-24953,,36943,68853,11524,1881,-636,1245,4035,0,0,-1608,2427,15196,-2252,0,-827,0,-3754,-3754,-1080,-7913,328,1667,1995,-8895,-8895,-3310,48,-10162,-3054,1292,-3310,1.7094,,0.0541,79.3816,32.5176,32.5176,,29.6747,21.8127,0.1982,4.2831,1.4864,60.5495,8.0584,13.1534,4.3237,8.0584,4.1518,1.7066,1.4537